path	kind	qualified_name	canonical_signature	node_id	disposition	rust_counterpart
src/emel/model/omniembed/detail.cpp	NamespaceDecl	emel	NamespaceDecl	e6404e4d9a6aae33337744cfdf6c9eaa963314ebf959e8a88a7effa5efc3a9e5	structural_scope	crates/emel-model/src/omniembed/mod.rs
src/emel/model/omniembed/detail.cpp	NamespaceDecl	emel::model	NamespaceDecl	3c9fbb86d6a96f9ae9c68992661df174d4cc4d87f95b5e373f616068ddbe604a	structural_scope	crates/emel-model/src/omniembed/mod.rs
src/emel/model/omniembed/detail.cpp	NamespaceDecl	emel::model::omniembed	NamespaceDecl	3d7ccb000342d598e85da9d54a4125f8fe143e433833d0f946da3db2279930ec	structural_scope	crates/emel-model/src/omniembed/mod.rs
src/emel/model/omniembed/detail.cpp	NamespaceDecl	emel::model::omniembed::detail	NamespaceDecl	b680a9d33c78173724ccf5876a1b0b5b166a43b17b43e809b28f8478dd0695a3	structural_scope	crates/emel-model/src/omniembed/mod.rs
src/emel/model/omniembed/detail.cpp	NamespaceDecl	emel::model::omniembed::detail::<anonymous-NamespaceDecl@12:11>	NamespaceDecl	3807ba57cb22d74fefe77c2e3b96b3af517ffef9fba9e530d0550c84f758ac4b	structural_scope	crates/emel-model/src/omniembed/mod.rs
src/emel/model/omniembed/detail.cpp	VarDecl	emel::model::omniembed::detail::<anonymous-NamespaceDecl@12:11>::k_architecture	const std::string_view	1d5750bd15720eb9c07922435bdb278937a14996934a47d753a60879dd7ee1bb	ported_constant	crates/emel-model/src/omniembed/mod.rs::ARCHITECTURE_NAME
src/emel/model/omniembed/detail.cpp	VarDecl	emel::model::omniembed::detail::<anonymous-NamespaceDecl@12:11>::k_text_encoder_prefix	const std::string_view	5545959126ceabdf8d4e8291e9482fc7aadce9b7d724149cc616617b321e2daf	ported_constant	crates/emel-model/src/omniembed/event.rs::prefix
src/emel/model/omniembed/detail.cpp	VarDecl	emel::model::omniembed::detail::<anonymous-NamespaceDecl@12:11>::k_text_projection_prefix	const std::string_view	650ddd9b98f26417e812816453149405fe212f11eab5b0252b0e9b60ba36e342	ported_constant	crates/emel-model/src/omniembed/event.rs::prefix
src/emel/model/omniembed/detail.cpp	VarDecl	emel::model::omniembed::detail::<anonymous-NamespaceDecl@12:11>::k_image_encoder_prefix	const std::string_view	65f39e883afa6ded3c07d80c4cc4d0f21bde70530abe9eddd631c8167afc4311	ported_constant	crates/emel-model/src/omniembed/event.rs::prefix
src/emel/model/omniembed/detail.cpp	VarDecl	emel::model::omniembed::detail::<anonymous-NamespaceDecl@12:11>::k_image_projection_prefix	const std::string_view	ee4b8df17320af191c06e1db75a9b9925d6887e03259eca2dd79262218eb8e5e	ported_constant	crates/emel-model/src/omniembed/event.rs::prefix
src/emel/model/omniembed/detail.cpp	VarDecl	emel::model::omniembed::detail::<anonymous-NamespaceDecl@12:11>::k_audio_encoder_prefix	const std::string_view	2c7f918241d3ee0150d9089229bfb5a4950e922d1cfb5d78e28abfca2a5c6d08	ported_constant	crates/emel-model/src/omniembed/event.rs::prefix
src/emel/model/omniembed/detail.cpp	VarDecl	emel::model::omniembed::detail::<anonymous-NamespaceDecl@12:11>::k_audio_projection_prefix	const std::string_view	06761d9f79b37ca116527859764d3c3763f687b7a46bf444a733d32b853c3cb0	ported_constant	crates/emel-model/src/omniembed/event.rs::prefix
src/emel/model/omniembed/detail.cpp	VarDecl	emel::model::omniembed::detail::<anonymous-NamespaceDecl@12:11>::k_image_encoder_name_key	const std::string_view	6d479aacb818e81e06f6cf4bf5709eaa52c626b11677eafdc0b268b618a90437	ported_constant	crates/emel-model/src/omniembed/hparams.rs::query_string
src/emel/model/omniembed/detail.cpp	VarDecl	emel::model::omniembed::detail::<anonymous-NamespaceDecl@12:11>::k_audio_encoder_name_key	const std::string_view	655c3a28d232b31b201a8b4fb5aa79229e49dbf1e688db555ff78f3a0030a521	ported_constant	crates/emel-model/src/omniembed/hparams.rs::query_string
src/emel/model/omniembed/detail.cpp	VarDecl	emel::model::omniembed::detail::<anonymous-NamespaceDecl@12:11>::k_mobilenetv4_medium_encoder	const std::string_view	9097e2f6c807fad6f5c7fe4740bda2d86bc416ecb5a4f89205c355dd4dd44a12	ported_constant	crates/emel-model/src/omniembed/mod.rs::IMAGE_ENCODER_NAME
src/emel/model/omniembed/detail.cpp	VarDecl	emel::model::omniembed::detail::<anonymous-NamespaceDecl@12:11>::k_efficientat_mn20_as_encoder	const std::string_view	4dde8e83b846ab397eca23335817ee4e0756aaa39bf46753fb0331010a09e3dd	ported_constant	crates/emel-model/src/omniembed/mod.rs::AUDIO_ENCODER_NAME
src/emel/model/omniembed/detail.cpp	VarDecl	emel::model::omniembed::detail::<anonymous-NamespaceDecl@12:11>::k_mobilenetv4_medium_image_size	const int32_t	1634a9c0b3dc48917d23c8c3c43dc7c5069e78104d175ac7185fe613e0105714	ported_constant	crates/emel-model/src/omniembed/mod.rs::IMAGE_SIZE
src/emel/model/omniembed/detail.cpp	VarDecl	emel::model::omniembed::detail::<anonymous-NamespaceDecl@12:11>::k_imagenet_mean	const std::array<float, 3>	287405881673793efab5cdb44bec66aa302dbce57f998ada05f37813fe8dafce	ported_constant	crates/emel-model/src/omniembed/mod.rs::IMAGE_MEAN
src/emel/model/omniembed/detail.cpp	VarDecl	emel::model::omniembed::detail::<anonymous-NamespaceDecl@12:11>::k_imagenet_std	const std::array<float, 3>	f7af18bc6ccb5ecefa886bf591f99f37a8759c8a9e0f9727705900dcde055d76	ported_constant	crates/emel-model/src/omniembed/mod.rs::IMAGE_STD
src/emel/model/omniembed/detail.cpp	VarDecl	emel::model::omniembed::detail::<anonymous-NamespaceDecl@12:11>::k_efficientat_mn20_as_sample_rate	const int32_t	b01fb7d83f7a1db3e7dd8144af7957947b49f62aeba5b9c5be25d73915817c96	ported_constant	crates/emel-model/src/omniembed/mod.rs::AUDIO_SAMPLE_RATE
src/emel/model/omniembed/detail.cpp	VarDecl	emel::model::omniembed::detail::<anonymous-NamespaceDecl@12:11>::k_efficientat_mn20_as_n_fft	const int32_t	0eabef8757c69104f1040dcefd187817addcd3a94c268c3425aff48d03db500b	ported_constant	crates/emel-model/src/omniembed/mod.rs::AUDIO_N_FFT
src/emel/model/omniembed/detail.cpp	VarDecl	emel::model::omniembed::detail::<anonymous-NamespaceDecl@12:11>::k_efficientat_mn20_as_win_length	const int32_t	aa7218cdf605939f344048f5e8f72168f7e70f962da28eb9f7fd3efee21cb5cf	ported_constant	crates/emel-model/src/omniembed/mod.rs::AUDIO_WIN_LENGTH
src/emel/model/omniembed/detail.cpp	VarDecl	emel::model::omniembed::detail::<anonymous-NamespaceDecl@12:11>::k_efficientat_mn20_as_hop_size	const int32_t	33e52b0cd240fa8d74ecff5bf4f558e5f5d7afb343f9e4f96237205c51a44c77	ported_constant	crates/emel-model/src/omniembed/mod.rs::AUDIO_HOP_SIZE
src/emel/model/omniembed/detail.cpp	VarDecl	emel::model::omniembed::detail::<anonymous-NamespaceDecl@12:11>::k_efficientat_mn20_as_num_mel_bins	const int32_t	e8ae4970f10c4bbde757e00a34b6487940c033770286cbbe28a2b644903faff7	ported_constant	crates/emel-model/src/omniembed/mod.rs::AUDIO_NUM_MEL_BINS
src/emel/model/omniembed/detail.cpp	VarDecl	emel::model::omniembed::detail::<anonymous-NamespaceDecl@12:11>::k_efficientat_mn20_as_low_frequency	const float	1ee2b451143076bdd9dadcb7a8f16a90dd968079fb808c7dea3d597df354cbcd	ported_constant	crates/emel-model/src/omniembed/mod.rs::AUDIO_LOW_FREQUENCY
src/emel/model/omniembed/detail.cpp	VarDecl	emel::model::omniembed::detail::<anonymous-NamespaceDecl@12:11>::k_efficientat_mn20_as_high_frequency	const float	64392a50c88daa54d5c6f5a352d4955526c69227b0d7aa292daf0462fcb26f01	ported_constant	crates/emel-model/src/omniembed/mod.rs::AUDIO_HIGH_FREQUENCY
src/emel/model/omniembed/detail.cpp	VarDecl	emel::model::omniembed::detail::<anonymous-NamespaceDecl@12:11>::k_efficientat_mn20_as_preemphasis	const float	77074f83c7056a89b0b85fc407d119d59363485b8cbec0999a0ded9c3986d307	ported_constant	crates/emel-model/src/omniembed/mod.rs::AUDIO_PREEMPHASIS
src/emel/model/omniembed/detail.cpp	VarDecl	emel::model::omniembed::detail::<anonymous-NamespaceDecl@12:11>::k_efficientat_mn20_as_log_offset	const float	08ce5f970301879eaf0d5b5902533f6d8f29a465562152cd050dab785e0a33fb	ported_constant	crates/emel-model/src/omniembed/mod.rs::AUDIO_LOG_OFFSET
src/emel/model/omniembed/detail.cpp	VarDecl	emel::model::omniembed::detail::<anonymous-NamespaceDecl@12:11>::k_efficientat_mn20_as_normalize_bias	const float	6437ea7ec5d965451c031d161eff5eda995cb5123bf5790c4ca4497e664280a6	ported_constant	crates/emel-model/src/omniembed/mod.rs::AUDIO_NORMALIZE_BIAS
src/emel/model/omniembed/detail.cpp	VarDecl	emel::model::omniembed::detail::<anonymous-NamespaceDecl@12:11>::k_efficientat_mn20_as_normalize_scale	const float	c900091c76c12414cca5b1a654138630cd2b18a34f47b2eecebc6a51056019a3	ported_constant	crates/emel-model/src/omniembed/mod.rs::AUDIO_NORMALIZE_SCALE
src/emel/model/omniembed/detail.cpp	FunctionDecl	emel::model::omniembed::detail::<anonymous-NamespaceDecl@12:11>::tensor_has_storage(bool (const emel::model::data::tensor_record &) noexcept)	bool (const emel::model::data::tensor_record &) noexcept	c9ae6ea2a22cb7d31ff16ed2fbf8d05a4d7c91bc8ce823a8c193e49d870beb20	ported_explicit_sml	crates/emel-model/src/omniembed/actor.rs::observation_valid
src/emel/model/omniembed/detail.cpp	FunctionDecl	emel::model::omniembed::detail::<anonymous-NamespaceDecl@12:11>::copy_matryoshka_dimensions(bool (const emel::model::detail::kv_binding &, const std::string_view, std::array<int32_t, emel::model::data::k_max_matryoshka_dims> &, uint32_t &) noexcept)	bool (const emel::model::detail::kv_binding &, const std::string_view, std::array<int32_t, emel::model::data::k_max_matryoshka_dims> &, uint32_t &) noexcept	77658e37a7b6e02d0556c28ad6628b2b6a74a6f9cb482e4b25e4fa5c949031a3	ported_explicit_sml	crates/emel-model/src/omniembed/hparams.rs::effect_visit_array;crates/emel-model/src/omniembed/hparams.rs::guard_array_values_valid
src/emel/model/omniembed/detail.cpp	FunctionDecl	emel::model::omniembed::detail::<anonymous-NamespaceDecl@12:11>::validate_matryoshka_dimensions(bool (const std::array<int32_t, emel::model::data::k_max_matryoshka_dims> &, const uint32_t, const int32_t) noexcept)	bool (const std::array<int32_t, emel::model::data::k_max_matryoshka_dims> &, const uint32_t, const int32_t) noexcept	0ffd847238943d0a63a80f4c158d939ae864bc7d6448161f8d4880d30fac50bf	ported_explicit_sml	crates/emel-model/src/omniembed/actor.rs::guard_begin_valid
src/emel/model/omniembed/detail.cpp	FunctionDecl	emel::model::omniembed::detail::<anonymous-NamespaceDecl@12:11>::assign_family_view(bool (const emel::model::data &, const std::string_view, family_view &) noexcept)	bool (const emel::model::data &, const std::string_view, family_view &) noexcept	e5bef4273fe1be3e85a5f81941b7e4386e5a34d859320905e33a2d1e35354942	ported_explicit_sml	crates/emel-model/src/omniembed/actor.rs::contract_begin;crates/emel-model/src/omniembed/actor.rs::store_first;crates/emel-model/src/omniembed/actor.rs::increment;crates/emel-model/src/omniembed/actor.rs::guard_families_complete
src/emel/model/omniembed/detail.cpp	FunctionDecl	emel::model::omniembed::detail::<anonymous-NamespaceDecl@12:11>::copy_metadata_string(bool (emel::model::data::metadata &, emel::model::data::metadata::string_view &, const std::string_view) noexcept)	bool (emel::model::data::metadata &, emel::model::data::metadata::string_view &, const std::string_view) noexcept	b144ac80093cfc1c7f1a3c1216b3c5a1c530d603e39f76fcad200dc0e0033d4e	ported_explicit_sml	crates/emel-model/src/omniembed/hparams.rs::effect_set_image_canonical_query_length;crates/emel-model/src/omniembed/hparams.rs::effect_set_audio_canonical_query_length
src/emel/model/omniembed/detail.cpp	FunctionDecl	emel::model::omniembed::detail::<anonymous-NamespaceDecl@12:11>::assign_omniembed_string(bool (const emel::model::detail::kv_binding &, const std::string_view, emel::model::data::metadata &, emel::model::data::metadata::string_view &) noexcept)	bool (const emel::model::detail::kv_binding &, const std::string_view, emel::model::data::metadata &, emel::model::data::metadata::string_view &) noexcept	633ab6be076d84ca5aad194a908ef587cd9083e2014270632c2c9840cd8ad784	ported_explicit_sml	crates/emel-model/src/omniembed/hparams.rs::query_string;crates/emel-model/src/omniembed/hparams.rs::guard_string_canonical_fits;crates/emel-model/src/omniembed/hparams.rs::guard_string_other_fits;crates/emel-model/src/omniembed/hparams.rs::guard_string_empty;crates/emel-model/src/omniembed/hparams.rs::guard_string_capacity;crates/emel-model/src/omniembed/hparams.rs::consume_string
src/emel/model/omniembed/detail.cpp	FunctionDecl	emel::model::omniembed::detail::<anonymous-NamespaceDecl@12:11>::assign_vision_preprocessing_contract(void (const std::string_view, emel::model::data::metadata::clip_vision &) noexcept)	void (const std::string_view, emel::model::data::metadata::clip_vision &) noexcept	0df126b4c6b66c1d899872e8acab737edd8cebae339bc6f108771be3eeedb6af	ported_explicit_sml	crates/emel-model/src/omniembed/actor.rs::effect_visit;crates/emel-model/src/omniembed/actor.rs::guard_begin_valid
src/emel/model/omniembed/detail.cpp	FunctionDecl	emel::model::omniembed::detail::<anonymous-NamespaceDecl@12:11>::assign_audio_preprocessing_contract(void (const std::string_view, emel::model::data::metadata::clip_audio &) noexcept)	void (const std::string_view, emel::model::data::metadata::clip_audio &) noexcept	bc3653784b731e00d1c60b1c9068526d4d4137af61077d7cdd3da223b4903f46	ported_explicit_sml	crates/emel-model/src/omniembed/actor.rs::effect_visit;crates/emel-model/src/omniembed/actor.rs::guard_begin_valid
src/emel/model/omniembed/detail.cpp	FunctionDecl	emel::model::omniembed::detail::<anonymous-NamespaceDecl@12:11>::validate_contract(emel::error::type (const emel::model::data &, execution_contract *) noexcept)	emel::error::type (const emel::model::data &, execution_contract *) noexcept	17eb82bc18a0ab61080352ae0d0ef0c9bcf39c3fb98df13a90928be941555e78	ported_explicit_sml	crates/emel-model/src/omniembed/actor.rs::guard_begin_valid;crates/emel-model/src/omniembed/actor.rs::guard_families_complete
src/emel/model/omniembed/detail.cpp	FunctionDecl	emel::model::omniembed::detail::is_execution_architecture(bool (const std::string_view) noexcept)	bool (const std::string_view) noexcept	478ae3ac27b4ede4e58d6ebc0c254b1d3b5a03fd260201e3f0795e0ae6d392c1	ported_explicit_sml	crates/emel-model/src/omniembed/hparams.rs::effect_query_architecture;crates/emel-model/src/omniembed/hparams.rs::guard_architecture_valid
src/emel/model/omniembed/detail.cpp	FunctionDecl	emel::model::omniembed::detail::load_hparams(bool (const emel::model::detail::hparam_loader &, emel::model::data &) noexcept)	bool (const emel::model::detail::hparam_loader &, emel::model::data &) noexcept	d69925560946a61858ae488d77bb3443993464e8df5e01db00ecabac9e678145	ported_explicit_sml	crates/emel-model/src/omniembed/hparams.rs::load_hparams
src/emel/model/omniembed/detail.cpp	FunctionDecl	emel::model::omniembed::detail::build_execution_contract(emel::error::type (const emel::model::data &, execution_contract &) noexcept)	emel::error::type (const emel::model::data &, execution_contract &) noexcept	37b50541374956498956ac765c8188aa21fc1460e8fd4c211fb4a63bc97dec84	ported_explicit_sml	crates/emel-model/src/omniembed/actor.rs::contract_begin;crates/emel-model/src/omniembed/actor.rs::effect_visit
src/emel/model/omniembed/detail.cpp	FunctionDecl	emel::model::omniembed::detail::validate_data(emel::error::type (const emel::model::data &) noexcept)	emel::error::type (const emel::model::data &) noexcept	5d402607de756167f961bf0ed8ca36678815b1467980f3e9fd4d002bc1368934	ported_explicit_sml	crates/emel-model/src/omniembed/actor.rs::guard_begin_valid;crates/emel-model/src/omniembed/actor.rs::guard_families_complete
src/emel/model/omniembed/detail.cpp	FunctionDecl	emel::model::omniembed::detail::validate_execution_contract(emel::error::type (const emel::model::data &) noexcept)	emel::error::type (const emel::model::data &) noexcept	f43798f545724261bbe3d37e69c0fbf18d00a972277879b41ed76aa695cb9e70	ported_explicit_sml	crates/emel-model/src/omniembed/actor.rs::guard_begin_valid;crates/emel-model/src/omniembed/actor.rs::guard_families_complete
src/emel/model/omniembed/detail.hpp	NamespaceDecl	emel	NamespaceDecl	03c84ed26479be4c5119e6d6f9d445525f54310f3fa856b3db048cc4db04cb3a	structural_scope	crates/emel-model/src/omniembed/mod.rs
src/emel/model/omniembed/detail.hpp	NamespaceDecl	emel::model	NamespaceDecl	467516639445d29a92129674ae4e523918de626be5fb2678d648211651c6f0c0	structural_scope	crates/emel-model/src/omniembed/mod.rs
src/emel/model/omniembed/detail.hpp	NamespaceDecl	emel::model::omniembed	NamespaceDecl	a70ca4f41e8133c729d90285fa5014f4a130633d1b8a19a5da42245c1e01b65e	structural_scope	crates/emel-model/src/omniembed/mod.rs
src/emel/model/omniembed/detail.hpp	NamespaceDecl	emel::model::omniembed::detail	NamespaceDecl	fd483e53c5b4b992a56bf66339972d8462d7f2cad8aa3e34bec876b0c3c14316	structural_scope	crates/emel-model/src/omniembed/mod.rs
src/emel/model/omniembed/detail.hpp	CXXRecordDecl	emel::model::omniembed::detail::tensor_view	CXXRecordDecl	7191d971b4fa2ca7f31bfafcf8b226404632f251b5451bd08921b0c64e8fc5e9	ported	crates/emel-model/src/omniembed/event.rs::FamilyDescriptor;crates/emel-model/src/omniembed/event.rs::WithFirstName
src/emel/model/omniembed/detail.hpp	FieldDecl	emel::model::omniembed::detail::tensor_view::tensor	const emel::model::data::tensor_record *	334b5e668171f267cf998e8742ff79e42eb4390180dba262c15fab4638cfab98	ported	crates/emel-model/src/omniembed/event.rs::first
src/emel/model/omniembed/detail.hpp	FieldDecl	emel::model::omniembed::detail::tensor_view::name	std::string_view	c4e8b6f9bc228162bbad0aca7aed64213ed0bedcb514705dc5872c7bed6be10b	ported	crates/emel-model/src/omniembed/event.rs::WithFirstName
src/emel/model/omniembed/detail.hpp	CXXRecordDecl	emel::model::omniembed::detail::family_view	CXXRecordDecl	e09010d6c43c3d6e3eb75c499af07037ad5b54c1a224a0a58618df4aab6fa2c9	ported	crates/emel-model/src/omniembed/event.rs::FamilyDescriptor
src/emel/model/omniembed/detail.hpp	FieldDecl	emel::model::omniembed::detail::family_view::prefix	std::string_view	5958747b4f7e732eecedf25c8df938639ff804181136486967b76b7c57ebd59f	ported	crates/emel-model/src/omniembed/event.rs::prefix
src/emel/model/omniembed/detail.hpp	FieldDecl	emel::model::omniembed::detail::family_view::tensor_count	uint32_t	40487f82112f74dc5da9387cfbf36d80c7a70ec98afe81f81188f882ff668542	ported	crates/emel-model/src/omniembed/event.rs::tensor_count
src/emel/model/omniembed/detail.hpp	FieldDecl	emel::model::omniembed::detail::family_view::first	tensor_view	adf8041fa9914157b6a8413c4603c77ab24c9b084a5b0f5ca23557f6736f9b83	ported	crates/emel-model/src/omniembed/event.rs::first
src/emel/model/omniembed/detail.hpp	CXXRecordDecl	emel::model::omniembed::detail::execution_contract	CXXRecordDecl	58f02209c00c223157f907d702931dc7b53a37114c908887d37d6cc13e76e1cb	ported	crates/emel-model/src/omniembed/event.rs::ContractDescriptor
src/emel/model/omniembed/detail.hpp	FieldDecl	emel::model::omniembed::detail::execution_contract::model	const emel::model::data *	b3a93fed2db2d4cc94bc1212035639daf92eb2ad3a2328c0492387189bd624ed	ported	crates/emel-model/src/omniembed/event.rs::model
src/emel/model/omniembed/detail.hpp	FieldDecl	emel::model::omniembed::detail::execution_contract::embedding_length	int32_t	a8824922b07ab6ebd346c14b49e34cad3dcbdc0981baef0a7e53a85ee3570e60	ported	crates/emel-model/src/omniembed/event.rs::embedding_length
src/emel/model/omniembed/detail.hpp	FieldDecl	emel::model::omniembed::detail::execution_contract::image_encoder_length	int32_t	a1b73230e5aad60f48cd7242c068a2224911b78565c9a6d00cf0c81a1e536518	ported	crates/emel-model/src/omniembed/event.rs::image_encoder_length
src/emel/model/omniembed/detail.hpp	FieldDecl	emel::model::omniembed::detail::execution_contract::audio_encoder_length	int32_t	ef3c862b7d43b117b289eb168a27156d68aa3bc62a403e7f9ff4d2737f075af1	ported	crates/emel-model/src/omniembed/event.rs::audio_encoder_length
src/emel/model/omniembed/detail.hpp	FieldDecl	emel::model::omniembed::detail::execution_contract::matryoshka_dimension_count	uint32_t	32505d83a392177794fefc69d512797ab17bf7b942ce5adfb67cf88191d1eef4	ported	crates/emel-model/src/omniembed/event.rs::matryoshka_dimension_count
src/emel/model/omniembed/detail.hpp	FieldDecl	emel::model::omniembed::detail::execution_contract::matryoshka_dimensions	std::array<int32_t, emel::model::data::k_max_matryoshka_dims>	e9da07d3a55cb225671ff81d15d2da03b576095f08a2427ae138581f9bf4e8fc	ported	crates/emel-model/src/omniembed/event.rs::matryoshka_dimensions
src/emel/model/omniembed/detail.hpp	FieldDecl	emel::model::omniembed::detail::execution_contract::text_encoder	family_view	737f5a35c8abec0a1a0e411fd62856c44a00412fd2ea146b5f069ed4de1fa10b	ported	crates/emel-model/src/omniembed/event.rs::family
src/emel/model/omniembed/detail.hpp	FieldDecl	emel::model::omniembed::detail::execution_contract::text_projection	family_view	0146de3859903c03423585289442d100a274a474c0914a68371ad2c0e8ecb313	ported	crates/emel-model/src/omniembed/event.rs::family
src/emel/model/omniembed/detail.hpp	FieldDecl	emel::model::omniembed::detail::execution_contract::image_encoder	family_view	f702b3380b651982fbe5505a4baeb7050e01bd5cb08b36c9d9b70b9401c53c6e	ported	crates/emel-model/src/omniembed/event.rs::family
src/emel/model/omniembed/detail.hpp	FieldDecl	emel::model::omniembed::detail::execution_contract::image_projection	family_view	a56c9b74bfc68528b5dcf1f430c0f532d1637e3cde71914c4d25ef24e6ba5744	ported	crates/emel-model/src/omniembed/event.rs::family
src/emel/model/omniembed/detail.hpp	FieldDecl	emel::model::omniembed::detail::execution_contract::audio_encoder	family_view	df2d8860a93ff3faffd63bee04df69f781f499d5d0051d54cd112ab7ef8edb08	ported	crates/emel-model/src/omniembed/event.rs::family
src/emel/model/omniembed/detail.hpp	FieldDecl	emel::model::omniembed::detail::execution_contract::audio_projection	family_view	eea8b5bf99f2c4f42f9df1a671e362d89dfb2eede37a31cdc6309547dc2ca7d1	ported	crates/emel-model/src/omniembed/event.rs::family
src/emel/model/omniembed/detail.hpp	FunctionDecl	emel::model::omniembed::detail::is_execution_architecture(bool (std::string_view) noexcept)	bool (std::string_view) noexcept	5547e448359dfce03c0d012432d557551fc2610d7655a78e7760604534759cb4	ported_explicit_sml	crates/emel-model/src/omniembed/hparams.rs::effect_query_architecture;crates/emel-model/src/omniembed/hparams.rs::guard_architecture_valid
src/emel/model/omniembed/detail.hpp	FunctionDecl	emel::model::omniembed::detail::load_hparams(bool (const emel::model::detail::hparam_loader &, emel::model::data &) noexcept)	bool (const emel::model::detail::hparam_loader &, emel::model::data &) noexcept	2de31ffc93177c1719d8f6f9e19ba38ed44d6f6e056409e344b22bff654959c5	ported_explicit_sml	crates/emel-model/src/omniembed/hparams.rs::load_hparams
src/emel/model/omniembed/detail.hpp	FunctionDecl	emel::model::omniembed::detail::build_execution_contract(emel::error::type (const emel::model::data &, execution_contract &) noexcept)	emel::error::type (const emel::model::data &, execution_contract &) noexcept	2971e7ab343a97d924653b905839417db47099da75cb245af64def8c3795054e	ported_explicit_sml	crates/emel-model/src/omniembed/actor.rs::contract_begin;crates/emel-model/src/omniembed/actor.rs::effect_visit
src/emel/model/omniembed/detail.hpp	FunctionDecl	emel::model::omniembed::detail::validate_data(emel::error::type (const emel::model::data &) noexcept)	emel::error::type (const emel::model::data &) noexcept	dd58368f6c7bd03cfda3fc9e8d5c6e4181a5500ea41e0c9b9636a5e080191ee0	ported_explicit_sml	crates/emel-model/src/omniembed/actor.rs::guard_begin_valid;crates/emel-model/src/omniembed/actor.rs::guard_families_complete
src/emel/model/omniembed/detail.hpp	FunctionDecl	emel::model::omniembed::detail::validate_execution_contract(emel::error::type (const emel::model::data &) noexcept)	emel::error::type (const emel::model::data &) noexcept	b379c14da21cf0f7ddae70861b3b83bed562844f4a4ff373915bc1af3e409f09	ported_explicit_sml	crates/emel-model/src/omniembed/actor.rs::guard_begin_valid;crates/emel-model/src/omniembed/actor.rs::guard_families_complete
src/emel/model/omniembed/detail.hpp	File	src/emel/model/omniembed/detail.hpp	blob 88669d66bc799b05dcd1a2b99c88516f951a48e7	file:88669d66bc799b05dcd1a2b99c88516f951a48e7	owned_file_complete	crates/emel-model/src/omniembed
src/emel/model/omniembed/detail.cpp	File	src/emel/model/omniembed/detail.cpp	blob 03e558a90e8df7824a0880ec2aa5500d9cc6f76b	file:03e558a90e8df7824a0880ec2aa5500d9cc6f76b	owned_file_complete	crates/emel-model/src/omniembed
tests/model/loader/lifecycle_tests.cpp	TestHelper	build_omniembed_model	source test builder	helper:build_omniembed_model	ported_test_helper	crates/emel-model/src/omniembed/tests.rs::actor_with
tests/model/loader/lifecycle_tests.cpp	TestCase	model_detail_loads_omniembed_hparams_from_gguf_binding	TEST_CASE	test:model_detail_loads_omniembed_hparams_from_gguf_binding	assertion_split_partial	assertions:model_detail_loads_omniembed_hparams_from_gguf_binding
tests/model/loader/lifecycle_tests.cpp	TestAssertion	model_detail_loads_omniembed_hparams_from_gguf_binding::load_hparams	source assertion 1	assertion:model_detail_loads_omniembed_hparams_from_gguf_binding::load_hparams	ported_assertion	crates/emel-model/src/omniembed/tests.rs::loads_source_exact_hparams_and_preprocessing_contracts
tests/model/loader/lifecycle_tests.cpp	TestAssertion	model_detail_loads_omniembed_hparams_from_gguf_binding::architecture_name	source assertion 2	assertion:model_detail_loads_omniembed_hparams_from_gguf_binding::architecture_name	ported_assertion	crates/emel-model/src/omniembed/tests.rs::loads_source_exact_hparams_and_preprocessing_contracts
tests/model/loader/lifecycle_tests.cpp	TestAssertion	model_detail_loads_omniembed_hparams_from_gguf_binding::supported_architecture_router	source assertion 3	assertion:model_detail_loads_omniembed_hparams_from_gguf_binding::supported_architecture_router	open_architecture_router	future:crates/emel-model/src/architecture
tests/model/loader/lifecycle_tests.cpp	TestAssertion	model_detail_loads_omniembed_hparams_from_gguf_binding::omniembed_architecture	source assertion 4	assertion:model_detail_loads_omniembed_hparams_from_gguf_binding::omniembed_architecture	ported_assertion	crates/emel-model/src/omniembed/tests.rs::loads_source_exact_hparams_and_preprocessing_contracts
tests/model/loader/lifecycle_tests.cpp	TestAssertion	model_detail_loads_omniembed_hparams_from_gguf_binding::embedding_length	source assertion 5	assertion:model_detail_loads_omniembed_hparams_from_gguf_binding::embedding_length	ported_assertion	crates/emel-model/src/omniembed/tests.rs::loads_source_exact_hparams_and_preprocessing_contracts
tests/model/loader/lifecycle_tests.cpp	TestAssertion	model_detail_loads_omniembed_hparams_from_gguf_binding::projection_length	source assertion 6	assertion:model_detail_loads_omniembed_hparams_from_gguf_binding::projection_length	ported_assertion	crates/emel-model/src/omniembed/tests.rs::loads_source_exact_hparams_and_preprocessing_contracts
tests/model/loader/lifecycle_tests.cpp	TestAssertion	model_detail_loads_omniembed_hparams_from_gguf_binding::matryoshka_count	source assertion 7	assertion:model_detail_loads_omniembed_hparams_from_gguf_binding::matryoshka_count	ported_assertion	crates/emel-model/src/omniembed/tests.rs::loads_source_exact_hparams_and_preprocessing_contracts
tests/model/loader/lifecycle_tests.cpp	TestAssertion	model_detail_loads_omniembed_hparams_from_gguf_binding::matryoshka_first	source assertion 8	assertion:model_detail_loads_omniembed_hparams_from_gguf_binding::matryoshka_first	ported_assertion	crates/emel-model/src/omniembed/tests.rs::loads_source_exact_hparams_and_preprocessing_contracts
tests/model/loader/lifecycle_tests.cpp	TestAssertion	model_detail_loads_omniembed_hparams_from_gguf_binding::matryoshka_last	source assertion 9	assertion:model_detail_loads_omniembed_hparams_from_gguf_binding::matryoshka_last	ported_assertion	crates/emel-model/src/omniembed/tests.rs::loads_source_exact_hparams_and_preprocessing_contracts
tests/model/loader/lifecycle_tests.cpp	TestAssertion	model_detail_loads_omniembed_hparams_from_gguf_binding::vision_enabled	source assertion 10	assertion:model_detail_loads_omniembed_hparams_from_gguf_binding::vision_enabled	ported_assertion	crates/emel-model/src/omniembed/tests.rs::loads_source_exact_hparams_and_preprocessing_contracts
tests/model/loader/lifecycle_tests.cpp	TestAssertion	model_detail_loads_omniembed_hparams_from_gguf_binding::audio_enabled	source assertion 11	assertion:model_detail_loads_omniembed_hparams_from_gguf_binding::audio_enabled	ported_assertion	crates/emel-model/src/omniembed/tests.rs::loads_source_exact_hparams_and_preprocessing_contracts
tests/model/loader/lifecycle_tests.cpp	TestAssertion	model_detail_loads_omniembed_hparams_from_gguf_binding::image_encoder_name	source assertion 12	assertion:model_detail_loads_omniembed_hparams_from_gguf_binding::image_encoder_name	ported_assertion	crates/emel-model/src/omniembed/tests.rs::loads_source_exact_hparams_and_preprocessing_contracts
tests/model/loader/lifecycle_tests.cpp	TestAssertion	model_detail_loads_omniembed_hparams_from_gguf_binding::image_encoder_length	source assertion 13	assertion:model_detail_loads_omniembed_hparams_from_gguf_binding::image_encoder_length	ported_assertion	crates/emel-model/src/omniembed/tests.rs::loads_source_exact_hparams_and_preprocessing_contracts
tests/model/loader/lifecycle_tests.cpp	TestAssertion	model_detail_loads_omniembed_hparams_from_gguf_binding::image_projection_dim	source assertion 14	assertion:model_detail_loads_omniembed_hparams_from_gguf_binding::image_projection_dim	ported_assertion	crates/emel-model/src/omniembed/tests.rs::loads_source_exact_hparams_and_preprocessing_contracts
tests/model/loader/lifecycle_tests.cpp	TestAssertion	model_detail_loads_omniembed_hparams_from_gguf_binding::image_size	source assertion 15	assertion:model_detail_loads_omniembed_hparams_from_gguf_binding::image_size	ported_assertion	crates/emel-model/src/omniembed/tests.rs::loads_source_exact_hparams_and_preprocessing_contracts
tests/model/loader/lifecycle_tests.cpp	TestAssertion	model_detail_loads_omniembed_hparams_from_gguf_binding::preproc_image_size	source assertion 16	assertion:model_detail_loads_omniembed_hparams_from_gguf_binding::preproc_image_size	ported_assertion	crates/emel-model/src/omniembed/tests.rs::loads_source_exact_hparams_and_preprocessing_contracts
tests/model/loader/lifecycle_tests.cpp	TestAssertion	model_detail_loads_omniembed_hparams_from_gguf_binding::image_mean_count	source assertion 17	assertion:model_detail_loads_omniembed_hparams_from_gguf_binding::image_mean_count	ported_assertion	crates/emel-model/src/omniembed/tests.rs::loads_source_exact_hparams_and_preprocessing_contracts
tests/model/loader/lifecycle_tests.cpp	TestAssertion	model_detail_loads_omniembed_hparams_from_gguf_binding::image_std_count	source assertion 18	assertion:model_detail_loads_omniembed_hparams_from_gguf_binding::image_std_count	ported_assertion	crates/emel-model/src/omniembed/tests.rs::loads_source_exact_hparams_and_preprocessing_contracts
tests/model/loader/lifecycle_tests.cpp	TestAssertion	model_detail_loads_omniembed_hparams_from_gguf_binding::image_mean	source assertion 19	assertion:model_detail_loads_omniembed_hparams_from_gguf_binding::image_mean	ported_assertion	crates/emel-model/src/omniembed/tests.rs::loads_source_exact_hparams_and_preprocessing_contracts
tests/model/loader/lifecycle_tests.cpp	TestAssertion	model_detail_loads_omniembed_hparams_from_gguf_binding::image_std	source assertion 20	assertion:model_detail_loads_omniembed_hparams_from_gguf_binding::image_std	ported_assertion	crates/emel-model/src/omniembed/tests.rs::loads_source_exact_hparams_and_preprocessing_contracts
tests/model/loader/lifecycle_tests.cpp	TestAssertion	model_detail_loads_omniembed_hparams_from_gguf_binding::audio_encoder_name	source assertion 21	assertion:model_detail_loads_omniembed_hparams_from_gguf_binding::audio_encoder_name	ported_assertion	crates/emel-model/src/omniembed/tests.rs::loads_source_exact_hparams_and_preprocessing_contracts
tests/model/loader/lifecycle_tests.cpp	TestAssertion	model_detail_loads_omniembed_hparams_from_gguf_binding::audio_encoder_length	source assertion 22	assertion:model_detail_loads_omniembed_hparams_from_gguf_binding::audio_encoder_length	ported_assertion	crates/emel-model/src/omniembed/tests.rs::loads_source_exact_hparams_and_preprocessing_contracts
tests/model/loader/lifecycle_tests.cpp	TestAssertion	model_detail_loads_omniembed_hparams_from_gguf_binding::audio_projection_dim	source assertion 23	assertion:model_detail_loads_omniembed_hparams_from_gguf_binding::audio_projection_dim	ported_assertion	crates/emel-model/src/omniembed/tests.rs::loads_source_exact_hparams_and_preprocessing_contracts
tests/model/loader/lifecycle_tests.cpp	TestAssertion	model_detail_loads_omniembed_hparams_from_gguf_binding::audio_sample_rate	source assertion 24	assertion:model_detail_loads_omniembed_hparams_from_gguf_binding::audio_sample_rate	ported_assertion	crates/emel-model/src/omniembed/tests.rs::loads_source_exact_hparams_and_preprocessing_contracts
tests/model/loader/lifecycle_tests.cpp	TestAssertion	model_detail_loads_omniembed_hparams_from_gguf_binding::audio_fft	source assertion 25	assertion:model_detail_loads_omniembed_hparams_from_gguf_binding::audio_fft	ported_assertion	crates/emel-model/src/omniembed/tests.rs::loads_source_exact_hparams_and_preprocessing_contracts
tests/model/loader/lifecycle_tests.cpp	TestAssertion	model_detail_loads_omniembed_hparams_from_gguf_binding::audio_window	source assertion 26	assertion:model_detail_loads_omniembed_hparams_from_gguf_binding::audio_window	ported_assertion	crates/emel-model/src/omniembed/tests.rs::loads_source_exact_hparams_and_preprocessing_contracts
tests/model/loader/lifecycle_tests.cpp	TestAssertion	model_detail_loads_omniembed_hparams_from_gguf_binding::audio_hop	source assertion 27	assertion:model_detail_loads_omniembed_hparams_from_gguf_binding::audio_hop	ported_assertion	crates/emel-model/src/omniembed/tests.rs::loads_source_exact_hparams_and_preprocessing_contracts
tests/model/loader/lifecycle_tests.cpp	TestAssertion	model_detail_loads_omniembed_hparams_from_gguf_binding::audio_mels	source assertion 28	assertion:model_detail_loads_omniembed_hparams_from_gguf_binding::audio_mels	ported_assertion	crates/emel-model/src/omniembed/tests.rs::loads_source_exact_hparams_and_preprocessing_contracts
tests/model/loader/lifecycle_tests.cpp	TestAssertion	model_detail_loads_omniembed_hparams_from_gguf_binding::audio_high_frequency	source assertion 29	assertion:model_detail_loads_omniembed_hparams_from_gguf_binding::audio_high_frequency	ported_assertion	crates/emel-model/src/omniembed/tests.rs::loads_source_exact_hparams_and_preprocessing_contracts
tests/model/loader/lifecycle_tests.cpp	TestAssertion	model_detail_loads_omniembed_hparams_from_gguf_binding::audio_preemphasis	source assertion 30	assertion:model_detail_loads_omniembed_hparams_from_gguf_binding::audio_preemphasis	ported_assertion	crates/emel-model/src/omniembed/tests.rs::loads_source_exact_hparams_and_preprocessing_contracts
tests/model/loader/lifecycle_tests.cpp	TestAssertion	model_detail_loads_omniembed_hparams_from_gguf_binding::audio_log_offset	source assertion 31	assertion:model_detail_loads_omniembed_hparams_from_gguf_binding::audio_log_offset	ported_assertion	crates/emel-model/src/omniembed/tests.rs::loads_source_exact_hparams_and_preprocessing_contracts
tests/model/loader/lifecycle_tests.cpp	TestAssertion	model_detail_loads_omniembed_hparams_from_gguf_binding::audio_normalize_bias	source assertion 32	assertion:model_detail_loads_omniembed_hparams_from_gguf_binding::audio_normalize_bias	ported_assertion	crates/emel-model/src/omniembed/tests.rs::loads_source_exact_hparams_and_preprocessing_contracts
tests/model/loader/lifecycle_tests.cpp	TestAssertion	model_detail_loads_omniembed_hparams_from_gguf_binding::audio_normalize_scale	source assertion 33	assertion:model_detail_loads_omniembed_hparams_from_gguf_binding::audio_normalize_scale	ported_assertion	crates/emel-model/src/omniembed/tests.rs::loads_source_exact_hparams_and_preprocessing_contracts
tests/model/loader/lifecycle_tests.cpp	TestAssertion	model_detail_loads_omniembed_hparams_from_gguf_binding::vocab_count	source assertion 34	assertion:model_detail_loads_omniembed_hparams_from_gguf_binding::vocab_count	open_generic_model_loader	future:crates/emel-model/src/loader
tests/model/loader/lifecycle_tests.cpp	TestCase	model_detail_loads_omniembed_hparams_from_i16_matryoshka_binding	TEST_CASE	test:model_detail_loads_omniembed_hparams_from_i16_matryoshka_binding	assertion_split_complete	assertions:model_detail_loads_omniembed_hparams_from_i16_matryoshka_binding
tests/model/loader/lifecycle_tests.cpp	TestAssertion	model_detail_loads_omniembed_hparams_from_i16_matryoshka_binding::load_hparams	source assertion 1	assertion:model_detail_loads_omniembed_hparams_from_i16_matryoshka_binding::load_hparams	ported_assertion	crates/emel-model/src/omniembed/tests.rs::accepts_all_source_integer_array_widths_and_missing_array
tests/model/loader/lifecycle_tests.cpp	TestAssertion	model_detail_loads_omniembed_hparams_from_i16_matryoshka_binding::dimension_count	source assertion 2	assertion:model_detail_loads_omniembed_hparams_from_i16_matryoshka_binding::dimension_count	ported_assertion	crates/emel-model/src/omniembed/tests.rs::accepts_all_source_integer_array_widths_and_missing_array
tests/model/loader/lifecycle_tests.cpp	TestAssertion	model_detail_loads_omniembed_hparams_from_i16_matryoshka_binding::first_dimension	source assertion 3	assertion:model_detail_loads_omniembed_hparams_from_i16_matryoshka_binding::first_dimension	ported_assertion	crates/emel-model/src/omniembed/tests.rs::accepts_all_source_integer_array_widths_and_missing_array
tests/model/loader/lifecycle_tests.cpp	TestAssertion	model_detail_loads_omniembed_hparams_from_i16_matryoshka_binding::last_dimension	source assertion 4	assertion:model_detail_loads_omniembed_hparams_from_i16_matryoshka_binding::last_dimension	ported_assertion	crates/emel-model/src/omniembed/tests.rs::accepts_all_source_integer_array_widths_and_missing_array
tests/model/loader/lifecycle_tests.cpp	TestCase	model_detail_loads_omniembed_hparams_from_i64_matryoshka_binding	TEST_CASE	test:model_detail_loads_omniembed_hparams_from_i64_matryoshka_binding	assertion_split_complete	assertions:model_detail_loads_omniembed_hparams_from_i64_matryoshka_binding
tests/model/loader/lifecycle_tests.cpp	TestAssertion	model_detail_loads_omniembed_hparams_from_i64_matryoshka_binding::load_hparams	source assertion 1	assertion:model_detail_loads_omniembed_hparams_from_i64_matryoshka_binding::load_hparams	ported_assertion	crates/emel-model/src/omniembed/tests.rs::accepts_all_source_integer_array_widths_and_missing_array
tests/model/loader/lifecycle_tests.cpp	TestAssertion	model_detail_loads_omniembed_hparams_from_i64_matryoshka_binding::dimension_count	source assertion 2	assertion:model_detail_loads_omniembed_hparams_from_i64_matryoshka_binding::dimension_count	ported_assertion	crates/emel-model/src/omniembed/tests.rs::accepts_all_source_integer_array_widths_and_missing_array
tests/model/loader/lifecycle_tests.cpp	TestAssertion	model_detail_loads_omniembed_hparams_from_i64_matryoshka_binding::first_dimension	source assertion 3	assertion:model_detail_loads_omniembed_hparams_from_i64_matryoshka_binding::first_dimension	ported_assertion	crates/emel-model/src/omniembed/tests.rs::accepts_all_source_integer_array_widths_and_missing_array
tests/model/loader/lifecycle_tests.cpp	TestAssertion	model_detail_loads_omniembed_hparams_from_i64_matryoshka_binding::last_dimension	source assertion 4	assertion:model_detail_loads_omniembed_hparams_from_i64_matryoshka_binding::last_dimension	ported_assertion	crates/emel-model/src/omniembed/tests.rs::accepts_all_source_integer_array_widths_and_missing_array
tests/model/loader/lifecycle_tests.cpp	TestCase	model_detail_loads_omniembed_hparams_without_matryoshka_array	TEST_CASE	test:model_detail_loads_omniembed_hparams_without_matryoshka_array	assertion_split_complete	assertions:model_detail_loads_omniembed_hparams_without_matryoshka_array
tests/model/loader/lifecycle_tests.cpp	TestAssertion	model_detail_loads_omniembed_hparams_without_matryoshka_array::load_hparams	source assertion 1	assertion:model_detail_loads_omniembed_hparams_without_matryoshka_array::load_hparams	ported_assertion	crates/emel-model/src/omniembed/tests.rs::accepts_all_source_integer_array_widths_and_missing_array
tests/model/loader/lifecycle_tests.cpp	TestAssertion	model_detail_loads_omniembed_hparams_without_matryoshka_array::dimension_count	source assertion 2	assertion:model_detail_loads_omniembed_hparams_without_matryoshka_array::dimension_count	ported_assertion	crates/emel-model/src/omniembed/tests.rs::accepts_all_source_integer_array_widths_and_missing_array
tests/model/loader/lifecycle_tests.cpp	TestCase	model_omniembed_detail_builds_multimodal_execution_contract	TEST_CASE	test:model_omniembed_detail_builds_multimodal_execution_contract	assertion_split_partial	assertions:model_omniembed_detail_builds_multimodal_execution_contract
tests/model/loader/lifecycle_tests.cpp	TestAssertion	model_omniembed_detail_builds_multimodal_execution_contract::build_contract	source assertion 1	assertion:model_omniembed_detail_builds_multimodal_execution_contract::build_contract	ported_assertion	crates/emel-model/src/omniembed/tests.rs::builds_exact_multimodal_contract_and_first_names
tests/model/loader/lifecycle_tests.cpp	TestAssertion	model_omniembed_detail_builds_multimodal_execution_contract::embedding_length	source assertion 2	assertion:model_omniembed_detail_builds_multimodal_execution_contract::embedding_length	ported_assertion	crates/emel-model/src/omniembed/tests.rs::builds_exact_multimodal_contract_and_first_names
tests/model/loader/lifecycle_tests.cpp	TestAssertion	model_omniembed_detail_builds_multimodal_execution_contract::image_encoder_length	source assertion 3	assertion:model_omniembed_detail_builds_multimodal_execution_contract::image_encoder_length	ported_assertion	crates/emel-model/src/omniembed/tests.rs::builds_exact_multimodal_contract_and_first_names
tests/model/loader/lifecycle_tests.cpp	TestAssertion	model_omniembed_detail_builds_multimodal_execution_contract::audio_encoder_length	source assertion 4	assertion:model_omniembed_detail_builds_multimodal_execution_contract::audio_encoder_length	ported_assertion	crates/emel-model/src/omniembed/tests.rs::builds_exact_multimodal_contract_and_first_names
tests/model/loader/lifecycle_tests.cpp	TestAssertion	model_omniembed_detail_builds_multimodal_execution_contract::matryoshka_count	source assertion 5	assertion:model_omniembed_detail_builds_multimodal_execution_contract::matryoshka_count	ported_assertion	crates/emel-model/src/omniembed/tests.rs::builds_exact_multimodal_contract_and_first_names
tests/model/loader/lifecycle_tests.cpp	TestAssertion	model_omniembed_detail_builds_multimodal_execution_contract::matryoshka_second	source assertion 6	assertion:model_omniembed_detail_builds_multimodal_execution_contract::matryoshka_second	ported_assertion	crates/emel-model/src/omniembed/tests.rs::builds_exact_multimodal_contract_and_first_names
tests/model/loader/lifecycle_tests.cpp	TestAssertion	model_omniembed_detail_builds_multimodal_execution_contract::text_encoder_count	source assertion 7	assertion:model_omniembed_detail_builds_multimodal_execution_contract::text_encoder_count	ported_assertion	crates/emel-model/src/omniembed/tests.rs::builds_exact_multimodal_contract_and_first_names
tests/model/loader/lifecycle_tests.cpp	TestAssertion	model_omniembed_detail_builds_multimodal_execution_contract::text_projection_count	source assertion 8	assertion:model_omniembed_detail_builds_multimodal_execution_contract::text_projection_count	ported_assertion	crates/emel-model/src/omniembed/tests.rs::builds_exact_multimodal_contract_and_first_names
tests/model/loader/lifecycle_tests.cpp	TestAssertion	model_omniembed_detail_builds_multimodal_execution_contract::image_encoder_count	source assertion 9	assertion:model_omniembed_detail_builds_multimodal_execution_contract::image_encoder_count	ported_assertion	crates/emel-model/src/omniembed/tests.rs::builds_exact_multimodal_contract_and_first_names
tests/model/loader/lifecycle_tests.cpp	TestAssertion	model_omniembed_detail_builds_multimodal_execution_contract::image_projection_count	source assertion 10	assertion:model_omniembed_detail_builds_multimodal_execution_contract::image_projection_count	ported_assertion	crates/emel-model/src/omniembed/tests.rs::builds_exact_multimodal_contract_and_first_names
tests/model/loader/lifecycle_tests.cpp	TestAssertion	model_omniembed_detail_builds_multimodal_execution_contract::audio_encoder_count	source assertion 11	assertion:model_omniembed_detail_builds_multimodal_execution_contract::audio_encoder_count	ported_assertion	crates/emel-model/src/omniembed/tests.rs::builds_exact_multimodal_contract_and_first_names
tests/model/loader/lifecycle_tests.cpp	TestAssertion	model_omniembed_detail_builds_multimodal_execution_contract::audio_projection_count	source assertion 12	assertion:model_omniembed_detail_builds_multimodal_execution_contract::audio_projection_count	ported_assertion	crates/emel-model/src/omniembed/tests.rs::builds_exact_multimodal_contract_and_first_names
tests/model/loader/lifecycle_tests.cpp	TestAssertion	model_omniembed_detail_builds_multimodal_execution_contract::text_encoder_first	source assertion 13	assertion:model_omniembed_detail_builds_multimodal_execution_contract::text_encoder_first	ported_assertion	crates/emel-model/src/omniembed/tests.rs::builds_exact_multimodal_contract_and_first_names
tests/model/loader/lifecycle_tests.cpp	TestAssertion	model_omniembed_detail_builds_multimodal_execution_contract::audio_projection_first	source assertion 14	assertion:model_omniembed_detail_builds_multimodal_execution_contract::audio_projection_first	ported_assertion	crates/emel-model/src/omniembed/tests.rs::builds_exact_multimodal_contract_and_first_names
tests/model/loader/lifecycle_tests.cpp	TestAssertion	model_omniembed_detail_builds_multimodal_execution_contract::validate_data	source assertion 15	assertion:model_omniembed_detail_builds_multimodal_execution_contract::validate_data	ported_assertion	crates/emel-model/src/omniembed/tests.rs::builds_exact_multimodal_contract_and_first_names
tests/model/loader/lifecycle_tests.cpp	TestAssertion	model_omniembed_detail_builds_multimodal_execution_contract::validate_execution_contract	source assertion 16	assertion:model_omniembed_detail_builds_multimodal_execution_contract::validate_execution_contract	ported_assertion	crates/emel-model/src/omniembed/tests.rs::builds_exact_multimodal_contract_and_first_names
tests/model/loader/lifecycle_tests.cpp	TestAssertion	model_omniembed_detail_builds_multimodal_execution_contract::validate_architecture_router	source assertion 17	assertion:model_omniembed_detail_builds_multimodal_execution_contract::validate_architecture_router	open_architecture_router	future:crates/emel-model/src/architecture
tests/model/loader/lifecycle_tests.cpp	TestCase	model_execution_contract_rejects_omniembed_without_audio_projection_family	TEST_CASE	test:model_execution_contract_rejects_omniembed_without_audio_projection_family	assertion_split_partial	assertions:model_execution_contract_rejects_omniembed_without_audio_projection_family
tests/model/loader/lifecycle_tests.cpp	TestAssertion	model_execution_contract_rejects_omniembed_without_audio_projection_family::build_contract_rejects	source assertion 1	assertion:model_execution_contract_rejects_omniembed_without_audio_projection_family::build_contract_rejects	ported_assertion	crates/emel-model/src/omniembed/tests.rs::rejects_missing_family_invalid_matryoshka_and_unknown_encoders
tests/model/loader/lifecycle_tests.cpp	TestAssertion	model_execution_contract_rejects_omniembed_without_audio_projection_family::validate_architecture_router_rejects	source assertion 2	assertion:model_execution_contract_rejects_omniembed_without_audio_projection_family::validate_architecture_router_rejects	open_architecture_router	future:crates/emel-model/src/architecture
tests/model/loader/lifecycle_tests.cpp	TestCase	model_execution_contract_rejects_omniembed_with_invalid_matryoshka_shape	TEST_CASE	test:model_execution_contract_rejects_omniembed_with_invalid_matryoshka_shape	assertion_split_partial	assertions:model_execution_contract_rejects_omniembed_with_invalid_matryoshka_shape
tests/model/loader/lifecycle_tests.cpp	TestAssertion	model_execution_contract_rejects_omniembed_with_invalid_matryoshka_shape::validate_data_rejects	source assertion 1	assertion:model_execution_contract_rejects_omniembed_with_invalid_matryoshka_shape::validate_data_rejects	ported_assertion	crates/emel-model/src/omniembed/tests.rs::rejects_missing_family_invalid_matryoshka_and_unknown_encoders
tests/model/loader/lifecycle_tests.cpp	TestAssertion	model_execution_contract_rejects_omniembed_with_invalid_matryoshka_shape::validate_architecture_router_rejects	source assertion 2	assertion:model_execution_contract_rejects_omniembed_with_invalid_matryoshka_shape::validate_architecture_router_rejects	open_architecture_router	future:crates/emel-model/src/architecture
tests/model/loader/lifecycle_tests.cpp	TestCase	model_omniembed_detail_ignores_unusable_family_tensor_storage	TEST_CASE	test:model_omniembed_detail_ignores_unusable_family_tensor_storage	assertion_split_complete	assertions:model_omniembed_detail_ignores_unusable_family_tensor_storage
tests/model/loader/lifecycle_tests.cpp	TestAssertion	model_omniembed_detail_ignores_unusable_family_tensor_storage::build_contract	source assertion 1	assertion:model_omniembed_detail_ignores_unusable_family_tensor_storage::build_contract	ported_assertion	crates/emel-model/src/omniembed/tests.rs::ignores_unusable_family_storage_and_routes_additional_tensors
tests/model/loader/lifecycle_tests.cpp	TestAssertion	model_omniembed_detail_ignores_unusable_family_tensor_storage::text_encoder_count	source assertion 2	assertion:model_omniembed_detail_ignores_unusable_family_tensor_storage::text_encoder_count	ported_assertion	crates/emel-model/src/omniembed/tests.rs::ignores_unusable_family_storage_and_routes_additional_tensors
