sha256	path
cc711e1684b7d54ef3eb49b7ac00bf4abb225ab80c202542816b42897c752123	external-include-0/boost/sml.hpp
0b6cdfa26802a7eef68e745218b8dfe0870ceb95a27dd518bfea6ee529c50a68	external-include-0/boost/sml/utility/co_sm.hpp
c0646bf34922b74c033ee0795d074e99bd0fca157231e3f92867b141b00c85b1	external-include-0/boost/sml/utility/dispatch_table.hpp
a03d5fa1bf456a3d7c1e98908a41d2d7d588d84bac41b1a12cc4729155942123	external-include-0/boost/sml/utility/external_completion.hpp
8863efd8cb3b1da8d98240f5590e5a62ee07402ea868f4c1f9cdcd40fcaa3ade	external-include-0/boost/sml/utility/sm_pool.hpp
bb56e59842104e977273a126c24c68d2e0c54af912ca68b27be595e2742c652f	external-include-0/boost/sml/utility/thread_pool_scheduler.hpp
ae89922fe1fffdfe365abf9dd1e61ec82cf2ab1468bb890e78bef3f105f39624	external-include-0/stateforward/sml.hpp
9133acb45fae1c5e94fe41d400d64df86703a99c42b25c1d7198def1cfe70a29	external-include-0/stateforward/sml/utility/co_sm.hpp
b577224b56bd36878e53ff3ae55529df0c99aa9bf4cf1a779c6e737134054ea4	external-include-0/stateforward/sml/utility/dispatch_table.hpp
0992bddac3dcb76f755e64e9b3c89e9cd8797360b3164f516418a8c14eb708d6	external-include-0/stateforward/sml/utility/external_completion.hpp
17281faab26447565d1d20c199c815d5c8e4aefd8d3846224580ed25f8dc5cac	external-include-0/stateforward/sml/utility/sm_pool.hpp
3351d5117a61f11a72a60b3a6ca35bd076a29c0dbc6fdcb2e2979f16993f3ef1	external-include-0/stateforward/sml/utility/thread_pool_scheduler.hpp
